"MaximumInscribedSphereRadius","EdgeArray:0","EdgeArray:1","EdgePCoordArray","Points:0","Points:1","Points:2"
5.7642,49983,49983,0,131.12,24.185,134.77
5.7697,53222,51399,0.684,130.94,24.319,134.83
5.7646,53223,53222,0.164,130.8,24.407,134.88
5.761,53223,53311,0.244,130.73,24.452,134.91
5.7493,58365,53311,0.476,130.6,24.534,134.96
5.7025,58358,58358,0,130,24.981,135.19
5.6612,58354,58354,0,129.61,25.251,135.32
5.6599,57829,57829,0,129.12,25.568,135.43
5.6609,57832,57832,0,129,25.636,135.46
5.647,50158,50158,0,128.38,26.01,135.6
5.6475,50265,50265,0,127.97,26.281,135.72
5.6478,50264,50263,0.924,127.92,26.321,135.74
5.6423,50261,50261,0,127.77,26.427,135.78
5.6266,3733,3733,0,127.14,26.834,135.96
5.6412,3783,3783,0,126.62,27.16,136.04
5.6408,50223,50226,0.04,126.33,27.349,136.12
5.6407,50223,50223,0,126.33,27.355,136.12
5.6448,50106,50106,0,126.02,27.534,136.2
5.6455,50105,50105,0,126,27.547,136.21
5.6562,7884,7884,0,125.31,28.034,136.39
5.6578,50236,1627,0.912,125.15,28.124,136.44
5.6569,4017,1627,0.832,125.06,28.185,136.46
5.651,4017,4017,0,124.6,28.467,136.53
5.6547,4018,4012,0.34,124.52,28.522,136.55
5.6595,1737,4012,0.848,124.42,28.594,136.57
5.6635,17200,17200,0,124.3,28.666,136.6
5.658,57655,57658,0.696,124.03,28.836,136.65
5.664,57665,57665,0,123.74,29.013,136.71
5.671,57845,57846,0.8,123.47,29.21,136.79
5.6728,57846,57846,0,123.4,29.258,136.8
5.6728,50773,57846,0.992,123.4,29.258,136.81
5.6716,50773,50773,0,123.34,29.295,136.82
5.6917,57816,57816,0,122.64,29.754,137.02
5.694,57815,59154,0.208,122.57,29.799,137.04
5.6976,4293,59157,0.8,122.4,29.907,137.09
5.6927,59156,57863,0.248,122.27,30.008,137.12
5.6881,58879,58879,0,121.99,30.215,137.19
5.6892,58876,58883,0.876,121.79,30.344,137.24
5.6905,58883,57823,0.764,121.74,30.378,137.26
5.69,57823,57824,0.396,121.69,30.412,137.27
5.6886,57824,57824,0,121.65,30.443,137.28
5.6852,57794,57794,0,121.49,30.564,137.33
5.6842,57803,59094,0.06,121.46,30.589,137.34
5.6929,59096,59096,0,120.94,30.928,137.46
5.7044,59089,51262,0.296,120.72,31.054,137.52
5.7124,50040,51344,0.624,120.55,31.171,137.57
5.7149,51344,51343,0.6,120.5,31.209,137.59
5.7118,51347,51347,0,120.44,31.253,137.61
5.7117,51345,51347,0.996,120.44,31.254,137.61
5.6958,51345,51345,0,119.99,31.56,137.71
5.6965,3597,3597,0,119.95,31.589,137.72
5.699,10358,10358,0,119.48,31.919,137.85
5.7191,59438,1437,0.872,119.13,32.15,137.97
5.7216,1650,1437,0.284,119.09,32.17,137.98
5.722,50184,10696,0.968,119.07,32.184,137.98
5.721,978,1774,0.104,118.69,32.457,138.09
5.7193,57813,57808,0.788,118.56,32.537,138.13
5.7168,59623,59617,0.512,118.29,32.722,138.21
5.717,59616,59622,0.48,118.27,32.735,138.22
5.7191,59621,59621,0,117.97,32.928,138.31
5.7173,59239,59240,0.86,117.77,33.085,138.37
5.7154,59241,59241,0,117.55,33.235,138.43
5.7154,59236,59241,0.996,117.55,33.235,138.43
5.7147,59236,59236,0,117.53,33.252,138.44
5.7026,57856,3574,0.248,117.22,33.476,138.53
5.7006,57856,51311,0.632,117.13,33.534,138.55
5.6987,51340,51341,0.008,117.07,33.573,138.57
5.6985,51340,51305,0.02,117.06,33.577,138.57
5.6935,51305,51305,0,116.83,33.742,138.65
5.6901,58274,50374,0.988,116.73,33.824,138.68
5.6875,50377,50377,0,116.36,34.083,138.8
5.6855,57766,57767,0.96,116.13,34.231,138.88
5.6715,58239,58239,0,115.83,34.444,138.95
5.6676,57885,58240,0.988,115.73,34.511,138.98
5.6719,51091,57882,0.988,115.22,34.854,139.17
5.6719,57882,57883,0.06,115.21,34.856,139.17
5.6706,57884,57883,0.404,115.16,34.901,139.19
5.6528,58249,58249,0,114.83,35.13,139.3
5.6419,58251,58252,0.632,114.58,35.287,139.37
5.6386,50280,58252,0.648,114.48,35.356,139.4
5.6323,51276,51276,0,114.12,35.581,139.48
5.632,57867,57871,0.076,114.03,35.638,139.51
5.6275,58405,58403,0.62,113.79,35.806,139.59
5.6315,58405,58433,0.832,113.47,36.006,139.7
5.6313,58433,58432,0.172,113.4,36.055,139.73
5.6275,50285,50285,0,113.26,36.153,139.76
5.613,50199,59199,0.808,112.61,36.577,139.99
5.6133,51278,50198,0.156,112.54,36.617,140.02
5.6107,6436,51278,0.048,112.21,36.831,140.13
5.6093,1690,6436,0.476,112.17,36.859,140.14
5.6081,1690,1690,0,112.15,36.875,140.15
5.5948,51246,51246,0,111.52,37.297,140.34
5.5965,51147,51249,0.928,111.37,37.38,140.38
5.5913,51478,51478,0,110.96,37.642,140.51
5.5911,51480,1855,0.012,110.93,37.661,140.52
5.5767,457,3512,0.116,110.68,37.829,140.6
5.584,50350,58050,0.308,110.17,38.158,140.76
5.5906,50346,58052,0.344,109.98,38.271,140.82
5.5935,58053,50344,0.836,109.83,38.366,140.87
5.5969,50344,58046,0.42,109.71,38.456,140.91
5.6036,59185,58046,0.616,109.5,38.599,140.97
5.6034,59190,59189,0.488,109.32,38.702,141.02
5.596,59187,59186,0.468,109.03,38.909,141.13
5.5958,58486,58485,0.484,108.74,39.093,141.24
5.5982,58460,58485,0.108,108.45,39.307,141.34
5.6013,58460,1424,0.56,108.38,39.36,141.37
5.6047,50477,1424,0.956,108.33,39.396,141.39
5.6392,691,1732,0.516,107.89,39.665,141.52
5.6472,1732,57791,0.612,107.8,39.713,141.55
5.6531,9593,3621,0.66,107.61,39.839,141.61
5.6625,50436,50436,0,107.29,40.082,141.71
5.685,1976,1976,0,106.91,40.318,141.81
5.6874,3614,51165,0.964,106.85,40.361,141.83
5.6913,51166,1802,0.12,106.78,40.411,141.85
5.7154,51158,51158,0,106.35,40.728,142.04
5.7269,50587,50585,0.512,106.19,40.829,142.1
5.7745,1452,1462,0.652,105.68,41.209,142.28
5.7765,1461,1460,0.516,105.65,41.229,142.29
5.8438,2631,352,0.12,105.04,41.7,142.58
5.8595,381,2631,0.356,104.92,41.788,142.63
5.8625,5733,2613,0.736,104.91,41.802,142.64
5.8717,51133,51134,0.084,104.76,41.927,142.69
5.8721,51133,51135,0.152,104.74,41.936,142.7
5.8767,51137,51135,0.92,104.64,42.022,142.75
5.9406,51139,51139,0,104.07,42.458,142.97
5.9753,2710,2710,0,103.81,42.645,143.09
5.9789,50241,2916,0.084,103.77,42.679,143.1
6.0242,106,106,0,103.35,43.021,143.27
6.0332,2952,2951,0.056,103.28,43.07,143.29
6.0881,470,2951,0.22,102.9,43.334,143.42
6.0984,2974,470,0.24,102.84,43.381,143.45
6.1126,2979,2974,0.544,102.7,43.492,143.5
6.1279,2979,2979,0,102.56,43.608,143.55
6.1499,2976,2976,0,102.38,43.741,143.62
6.15,2971,2976,0.996,102.38,43.742,143.62
6.1935,2971,2971,0,102.1,43.943,143.73
6.1938,604,2971,0.948,102.09,43.945,143.73
6.1995,604,604,0,102.06,43.969,143.74
6.228,660,660,0,101.83,44.149,143.83
6.2323,1007,6344,0.244,101.79,44.177,143.84
6.2372,6404,446,0.012,101.73,44.216,143.85
6.239,6404,6406,0.068,101.72,44.227,143.86
6.2672,6406,6406,0,101.49,44.407,143.95
6.3031,6408,6408,0,101.26,44.576,144.05
6.3203,6348,6350,0.856,101.17,44.652,144.1
6.3215,479,6350,0.748,101.16,44.659,144.1
6.3486,6359,6359,0,100.97,44.811,144.21
6.3665,6361,6361,0,100.83,44.93,144.27
6.3989,6363,6363,0,100.55,45.125,144.37
6.4178,958,6364,0.7,100.44,45.215,144.43
6.4371,6287,6287,0,100.3,45.317,144.48
6.466,6284,6315,0.044,100.09,45.469,144.58
6.4992,6356,6284,0.292,99.874,45.639,144.68
6.5131,6356,6356,0,99.783,45.711,144.72
6.545,6354,6354,0,99.543,45.878,144.83
6.5862,6303,6331,0.832,99.262,46.094,144.97
6.5868,6313,6331,0.796,99.258,46.096,144.97
6.5949,6313,6328,0.136,99.199,46.139,145
6.6529,6324,6327,0.352,98.809,46.406,145.17
6.6619,6324,6334,0.396,98.75,46.443,145.19
6.6935,6300,6559,0.544,98.493,46.619,145.3
6.7166,2672,3191,0.228,98.31,46.752,145.37
6.7778,6594,6594,0,97.88,47.038,145.55
6.799,6686,6686,0,97.69,47.175,145.63
6.8693,6271,6271,0,97.148,47.534,145.84
6.8927,6265,2691,0.36,97.007,47.636,145.9
6.9334,3183,2691,0.016,96.682,47.835,146.04
6.934,3183,1081,0.004,96.677,47.839,146.04
6.939,2005,1081,0.988,96.608,47.89,146.07
6.9977,4139,6467,0.356,96.054,48.272,146.3
7.0107,4139,4139,0,95.963,48.333,146.33
7.0108,6581,4139,0.996,95.962,48.333,146.33
7.0413,6581,6581,0,95.756,48.46,146.4
7.0655,6627,6627,0,95.587,48.557,146.46
7.0742,6629,6629,0,95.481,48.63,146.51
7.1084,6574,6574,0,95.061,48.92,146.63
7.1468,6121,6121,0,94.735,49.168,146.74
7.2257,6478,6478,0,94.084,49.589,146.91
7.2651,9237,6780,0.956,93.85,49.755,146.98
7.2816,2532,6493,0.656,93.719,49.864,147.03
7.3191,2558,18318,0.48,93.281,50.172,147.17
7.437,2172,644,0.84,92.445,50.854,147.43
7.4517,644,1704,0.356,92.361,50.915,147.45
7.4869,1212,1038,0.956,92.153,51.06,147.52
7.4996,9046,1038,0.924,92.082,51.12,147.54
7.6153,9182,9046,0.048,91.284,51.79,147.69
7.6584,9455,9057,0.52,91.016,51.984,147.72
7.6688,9057,7108,0.58,90.865,52.127,147.73
7.6997,7108,9492,0.444,90.523,52.431,147.77
7.7242,9463,9492,0.968,90.214,52.695,147.77
7.7751,9340,6183,0.828,89.677,53.088,147.78
7.8284,9462,9462,0,89.247,53.504,147.82
7.8457,6189,9619,0.952,89.12,53.616,147.84
7.8697,18314,18444,0.98,88.558,54.024,147.8
7.87,18444,18474,0.012,88.553,54.028,147.8
7.9536,18442,18442,0,87.438,54.942,147.72
7.9694,18443,18313,0.18,87.326,55.021,147.72
7.9957,18448,18448,0,85.904,56.127,147.34
7.9957,16817,18448,0.992,85.904,56.127,147.34
7.9946,16817,16817,0,85.902,56.128,147.34
7.9664,18449,16478,0.052,85.779,56.198,147.27
8.0728,18161,18161,0,84.081,57.558,146.65
8.0706,9290,18170,0.152,84.031,57.591,146.62
7.8246,18177,18177,0,82.863,58.336,145.6
7.8231,17345,18237,0.016,82.8,58.374,145.55
7.8674,18165,9177,0.456,81.73,59.207,144.68
7.8834,27697,27697,0,81.543,59.324,144.53
7.9492,16757,27684,0.32,80.876,59.869,143.85
7.9855,18753,27720,0.008,80.435,60.164,143.38
7.9858,18753,20387,0.076,80.42,60.175,143.36
8.0088,18302,18302,0,80.21,60.319,143.11
8.0132,27710,27729,0.072,79.324,60.92,141.67
8.0336,27710,18757,0.792,79.185,61.005,141.45
8.035,18202,18202,0,79.155,61.018,141.39
7.9887,18623,27682,0.876,78.927,61.164,140.81
7.9989,27634,27616,0.848,78.862,61.197,140.67
7.8589,18748,27634,0.688,78.468,61.286,139.45
7.8357,18748,27677,0.776,78.39,61.342,139.13
7.8019,27675,27677,0.272,78.286,61.395,138.71
7.781,27622,27675,0.504,78.246,61.418,138.48
7.7418,27619,27619,0,78.186,61.43,138.14
7.6437,27647,27647,0,78.077,61.391,137.28
7.6194,27582,27582,0,78.008,61.372,136.91
7.566,27627,18063,0.024,77.941,61.36,136.37
7.5605,27628,27628,0,77.938,61.359,136.32
7.5121,27637,27637,0,77.844,61.327,135.72
7.4742,9953,9953,0,77.783,61.268,135.04
7.4613,18635,18635,0,77.756,61.22,134.68
7.4346,27591,27591,0,77.702,61.17,134.21
7.4174,27589,27590,0.676,77.655,61.127,133.81
7.4149,18611,27590,0.6,77.639,61.109,133.69
7.4035,27578,27578,0,77.611,61.044,133.17
7.4064,27536,27536,0,77.581,61.011,132.96
7.4015,34756,34756,0,77.55,60.886,132.33
7.3988,18176,18176,0,77.555,60.86,132.22
7.3794,27572,27572,0,77.544,60.708,131.35
7.3844,27434,34663,0.224,77.55,60.625,130.94
7.3843,27434,34580,0.3,77.55,60.622,130.93
7.3804,34659,34659,0,77.554,60.524,130.49
7.3804,34660,34659,0.996,77.554,60.524,130.49
7.3853,34660,34660,0,77.549,60.473,130.25
7.3882,18566,18566,0,77.549,60.429,130.07
7.3884,34693,34693,0,77.573,60.338,129.66
7.3931,9344,34631,0.496,77.587,60.288,129.41
7.3931,34636,34631,0.592,77.595,60.259,129.29
7.3929,34637,34637,0,77.62,60.187,128.99
7.404,35188,35188,0,77.645,60.112,128.64
7.4072,35189,35189,0,77.66,60.081,128.52
7.4173,26584,26584,0,77.733,59.93,127.82
7.4182,34763,34764,0.124,77.737,59.914,127.75
7.4209,34764,28197,0.076,77.747,59.867,127.57
7.4261,28197,28197,0,77.759,59.826,127.41
7.45,20585,20585,0,77.801,59.716,126.99
7.4659,27457,27457,0,77.845,59.618,126.53
7.4752,38330,17906,0.12,77.865,59.473,125.9
7.4794,38332,34469,0.184,77.868,59.454,125.83
7.4881,35125,34469,0.808,77.932,59.371,125.42
7.4891,35125,35125,0,77.936,59.364,125.39
7.4972,34271,34271,0,77.961,59.317,125.2
7.5071,28010,35059,0.308,77.982,59.244,124.89
7.5117,35059,35059,0,77.99,59.17,124.53
7.5162,27121,27121,0,77.999,59.136,124.36
7.5169,27492,27492,0,78,59.127,124.32
7.5399,16758,16758,0,78.049,58.96,123.63
7.5383,34306,27140,0.892,78.053,58.953,123.58
7.5318,38160,38160,0,78.1,58.841,122.94
7.5409,34592,34592,0,78.115,58.792,122.7
7.5472,33990,38029,0.288,78.12,58.744,122.5
7.5471,38168,38168,0,78.119,58.734,122.46
7.5458,38143,38143,0,78.137,58.609,121.84
7.5501,38121,38030,0.168,78.148,58.568,121.64
7.5512,38121,38119,0.64,78.152,58.556,121.58
7.5516,38119,38123,0.052,78.153,58.55,121.56
7.5527,38123,38123,0,78.157,58.52,121.44
7.541,38109,38109,0,78.168,58.459,121.04
7.5393,38130,38085,0.192,78.173,58.348,120.58
7.5407,38130,38132,0.452,78.175,58.331,120.51
7.5383,38132,38128,0.904,78.178,58.305,120.34
7.5379,38128,38128,0,78.178,58.303,120.33
7.5285,38102,38102,0,78.155,58.131,119.59
7.5249,38099,38100,0.248,78.153,58.088,119.47
7.4887,38095,38095,0,78.083,57.843,118.72
7.4798,38063,34281,0.796,78.053,57.786,118.54
7.4776,38147,34281,0.596,78.048,57.779,118.51
7.4125,38145,38145,0,77.942,57.549,117.74
7.3968,26368,29581,0.268,77.882,57.393,116.96
7.386,38087,38087,0,77.88,57.263,116.45
7.3676,18579,18579,0,77.795,57.084,115.52
7.387,9099,34096,0.944,77.786,57.041,115.14
7.3881,34096,9357,0.196,77.785,57.038,115.12
7.3885,33899,33899,0,77.777,57.028,115.06
7.3749,34079,26465,0.94,77.756,56.981,114.7
7.3721,25831,26465,0.816,77.753,56.971,114.64
7.3591,34119,25831,0.84,77.716,56.878,114.33
7.3792,34092,34092,0,77.64,56.69,113.38
7.3717,34133,34134,0.884,77.479,56.433,112.49
7.3724,34134,6400,0.128,77.47,56.41,112.42
7.3769,26426,6400,0.44,77.412,56.275,112.01
7.4007,34147,34147,0,77.25,56.046,111.22
7.4115,34145,34145,0,77.198,55.922,110.85
7.4531,16652,34139,0.34,77.001,55.648,109.95
7.4818,16652,26094,0.764,76.936,55.527,109.56
7.5089,25705,26522,0.372,76.88,55.451,109.25
7.5399,26522,16638,0.464,76.779,55.364,108.85
7.5714,26478,16638,0.184,76.684,55.289,108.5
7.5822,26478,38043,0.368,76.645,55.221,108.27
7.5996,38043,38043,0,76.598,55.132,107.88
7.6118,38047,38046,0.2,76.579,55.079,107.68
7.6154,38041,25703,0.952,76.537,55.025,107.41
7.6743,34041,34041,0,76.28,54.773,106.31
7.6769,33994,38045,0.376,76.266,54.768,106.26
7.6754,22220,37981,0.428,76.167,54.663,105.86
7.6785,19941,37981,0.68,76.069,54.579,105.52
7.7058,19941,37832,0.716,75.9,54.446,104.97
7.7137,37986,37984,0.588,75.845,54.386,104.76
7.7267,37987,37987,0,75.698,54.21,104.43
7.7305,37971,37972,0.016,75.669,54.173,104.31
7.7337,37969,35584,0.588,75.322,53.917,103.31
7.7343,37991,33744,0.632,75.29,53.898,103.23
7.7485,37993,33744,0.188,75.074,53.719,102.6
7.7487,37952,37993,0.944,75.033,53.68,102.5
7.7711,37994,37950,0.74,74.865,53.561,102
7.7796,17008,37950,0.632,74.819,53.532,101.86
7.7928,17008,17011,0.452,74.762,53.491,101.69
7.8052,17011,37935,0.656,74.682,53.409,101.39
7.8078,37935,16333,0.428,74.659,53.383,101.3
7.8891,26499,37927,0.152,74.311,53.113,100.11
7.8915,26499,33752,0.152,74.297,53.098,100.06
7.9565,37905,37883,0.724,74.088,52.953,99.26
7.9795,37906,37885,0.692,74.034,52.891,99.012
8.0151,25582,37886,0.808,73.94,52.805,98.638
8.0415,37817,33472,0.636,73.891,52.75,98.408
8.0724,37816,37816,0,73.78,52.644,98.031
8.1236,33730,33178,0.936,73.682,52.533,97.668
8.185,5492,33725,0.484,73.55,52.415,97.268
8.1999,5492,33716,0.752,73.519,52.384,97.177
8.2151,33716,37806,0.124,73.491,52.358,97.096
8.3119,37806,37806,0,73.305,52.192,96.616
8.3211,37805,37804,0.064,73.291,52.174,96.566
8.3759,37804,37804,0,73.199,52.065,96.288
8.3764,37803,33715,0.016,73.198,52.064,96.285
8.3914,37765,33715,0.996,73.167,52.035,96.194
8.5363,37765,37765,0,72.902,51.793,95.521
8.5679,37766,37766,0,72.861,51.744,95.381
8.62,37565,37565,0,72.792,51.666,95.174
8.7387,37721,37721,0,72.681,51.501,94.705
8.8047,19934,19934,0,72.612,51.423,94.438
8.9806,37652,37652,0,72.399,51.196,93.822
8.9809,37748,37652,0.992,72.399,51.196,93.821
9.0214,37748,37748,0,72.362,51.147,93.688
9.0215,37770,37748,0.996,72.362,51.147,93.687
9.0589,37770,37770,0,72.323,51.104,93.555
9.0679,37751,37751,0,72.315,51.093,93.519
9.1303,37752,37752,0,72.256,51.013,93.283
9.2669,37727,37727,0,72.161,50.851,92.792
9.3425,37696,37696,0,72.102,50.776,92.512
9.4755,37694,37694,0,71.966,50.621,92.056
9.8507,37697,37697,0,71.747,50.239,90.934
9.8979,37659,37659,0,71.73,50.195,90.807
9.9568,37664,37664,0,71.705,50.137,90.65
10.046,37667,37667,0,71.659,50.061,90.386
10.046,37662,37667,0.992,71.659,50.061,90.385
10.086,37662,37662,0,71.637,50.03,90.266
10.136,37663,37663,0,71.6,49.983,90.117
10.181,37627,37627,0,71.576,49.937,89.972
10.426,37649,37649,0,71.423,49.677,89.253
10.636,37592,37592,0,71.339,49.473,88.697
10.88,37626,37626,0,71.237,49.276,88.094
10.881,37642,37601,0.02,71.237,49.276,88.093
10.895,37609,37601,0.98,71.232,49.264,88.053
11.15,37609,37609,0,71.12,49.024,87.341
11.252,37608,37608,0,71.096,48.928,87.062
11.284,37605,37605,0,71.086,48.892,86.974
11.511,36820,36820,0,70.992,48.672,86.34
11.594,37579,37579,0,70.98,48.588,86.105
11.726,39588,39588,0,70.956,48.453,85.749
11.826,37578,37578,0,70.95,48.352,85.486
11.831,39532,39613,0.988,70.948,48.346,85.47
12.041,39532,39532,0,70.886,48.127,84.866
12.108,39599,39599,0,70.875,48.058,84.679
12.182,39598,39598,0,70.873,47.978,84.469
12.288,39595,39595,0,70.861,47.849,84.169
12.317,37566,37522,0.996,70.856,47.817,84.082
12.507,37566,37566,0,70.86,47.596,83.521
12.512,39583,39584,0.048,70.86,47.591,83.505
12.545,39584,32995,0.004,70.864,47.555,83.404
12.58,39586,39586,0,70.864,47.51,83.291
12.648,29316,37526,0.96,70.88,47.414,83.056
12.798,39574,32989,0.188,70.931,47.214,82.527
12.958,30852,39349,0.676,71,46.965,81.954
13.068,39325,32999,0.656,71.085,46.788,81.506
13.115,29349,32999,0.58,71.117,46.705,81.319
13.194,29329,29329,0,71.219,46.533,80.927
13.379,29335,29335,0,71.513,46.102,79.974
13.379,16529,29335,0.996,71.513,46.102,79.974
13.387,16529,16529,0,71.523,46.087,79.936
13.488,25095,25095,0,71.693,45.832,79.384
13.638,32832,25023,0.844,72.011,45.475,78.519
13.703,25050,25051,0.988,72.14,45.293,78.149
13.82,25040,25050,0.14,72.371,45.016,77.496
13.839,25040,22077,0.096,72.424,44.957,77.365
13.857,36778,22683,0.68,72.469,44.903,77.256
13.868,36795,36795,0,72.737,44.685,76.862
13.874,32835,32835,0,72.83,44.604,76.712
13.897,37014,30567,0.46,73.144,44.359,76.237
13.904,30567,30567,0,73.367,44.199,75.939
13.933,36791,36803,0.1,73.763,43.866,75.234
13.938,36826,30421,0.08,74.013,43.712,74.79
13.949,36965,36796,0.74,74.429,43.398,74.127
13.954,36424,36976,0.944,74.575,43.279,73.901
13.953,36976,36978,0.14,74.6,43.262,73.868
13.936,36978,36979,0.568,74.814,43.107,73.604
13.913,36974,36974,0,75.164,42.831,73.159
13.895,25042,25042,0,75.415,42.616,72.891
13.877,14238,14238,0,75.637,42.412,72.609
13.877,24650,24650,0,75.638,42.411,72.608
13.841,21945,36688,0.16,75.881,42.243,72.125
13.801,32544,24875,0.82,76.137,42.034,71.584
13.777,36922,32544,0.42,76.281,41.894,71.25
13.763,24827,36843,0.972,76.37,41.808,71.023
13.762,32540,36843,0.88,76.377,41.802,71.005
13.719,32484,32484,0,76.534,41.645,70.634
13.692,36945,36946,0.828,76.603,41.561,70.453
13.679,36944,36946,0.136,76.634,41.529,70.381
13.529,36949,36949,0,76.932,41.155,69.739
13.513,36951,36718,0.148,76.96,41.117,69.679
13.407,36927,36927,0,77.119,40.877,69.318
13.37,36772,36772,0,77.178,40.795,69.197
13.296,23443,36775,0.984,77.264,40.658,68.963
13.294,36753,36775,0.98,77.266,40.655,68.959
13.165,36728,36726,0.956,77.404,40.437,68.601
13.158,36755,36726,0.948,77.412,40.424,68.581
13.004,36755,36617,0.808,77.554,40.196,68.159
12.946,36618,36621,0.708,77.595,40.125,67.991
12.787,22967,22967,0,77.722,39.877,67.556
12.554,36612,36612,0,77.888,39.454,66.94
12.351,36603,15793,0.292,78.001,39.19,66.448
12.276,36602,30612,0.216,78.044,39.099,66.264
12.03,30361,30361,0,78.159,38.767,65.683
11.776,7919,7919,0,78.295,38.293,65.085
11.455,36641,36641,0,78.452,37.698,64.375
11.211,36646,36646,0,78.538,37.219,63.803
11.156,36647,36647,0,78.547,37.118,63.669
11.066,8165,8165,0,78.576,36.944,63.458
10.561,36738,36738,0,78.644,36.292,62.408
10.359,36740,36740,0,78.662,36.017,61.967
9.6282,36638,36638,0,78.6,35.185,60.386
9.3263,36633,36633,0,78.686,34.604,59.63
9.3263,36634,36633,0.992,78.686,34.603,59.63
9.3166,36634,36634,0,78.689,34.582,59.605
8.726,8003,24888,0.896,78.771,33.765,58.204
8.6921,24888,31287,0.112,78.779,33.695,58.105
8.429,32160,31287,0.124,78.828,33.223,57.355
8.3605,30279,32159,0.796,78.859,33.12,57.172
7.9949,22938,32106,0.296,78.905,32.582,56.178
7.9776,31959,32024,0.316,78.909,32.557,56.126
7.5874,31688,8008,0.896,79.025,31.812,54.782
7.5195,31899,8008,0.132,79.015,31.654,54.473
7.5103,8302,31899,0.884,79.009,31.636,54.431
7.4802,8302,32123,0.536,79.005,31.601,54.328
7.2294,32122,31707,0.272,79.115,31.218,53.404
7.1323,14242,15785,0.572,79.071,31.056,52.938
6.8575,32036,24211,0.984,79.091,30.482,51.329
6.8529,32041,23399,0.128,79.098,30.473,51.301
6.6616,32023,31698,0.548,79.214,30.037,50.114
6.6072,32023,32027,0.444,79.28,29.817,49.368
6.5943,32031,31876,0.472,79.313,29.696,49.08
6.5622,32030,32025,0.68,79.453,29.402,48.101
6.5436,32025,21926,0.688,79.462,29.279,47.676
6.5432,32010,32016,0.18,79.602,29.092,46.908
6.5703,23415,23415,0,79.795,28.731,45.971
6.6496,31935,31943,0.204,79.984,28.552,44.969
6.6774,31935,32014,0.504,80.039,28.437,44.491
6.7274,32012,32012,0,80.082,28.353,43.874
6.8549,31845,31845,0,80.273,28.046,42.292
6.9182,31852,31852,0,80.434,27.928,41.229
6.9701,31850,31850,0,80.522,27.805,40.662
7.1083,14253,14253,0,80.823,27.656,39.359
7.1775,31451,31665,0.116,80.995,27.437,38.419
7.2743,31451,24607,0.62,81.149,27.312,37.768
7.3313,24607,24607,0,81.223,27.252,37.397
7.4195,15324,31509,0.268,81.349,27.21,36.882
7.5118,31513,31509,0.336,81.462,27.093,36.252
7.5616,31513,31515,0.604,81.55,27.027,35.867
7.7022,31520,31519,0.368,81.681,26.86,35.087
7.7937,31518,43658,0.324,81.758,26.762,34.694
7.8772,31516,31516,0,81.811,26.666,34.346
7.8779,31498,8284,0.996,81.811,26.665,34.343
8.037,43828,43828,0,81.865,26.44,33.626
8.0699,43612,43612,0,81.917,26.377,33.414
8.1434,42794,42794,0,82.019,26.277,32.948
8.2,61087,61087,0,82.066,26.214,32.562
8.2443,63146,63146,0,82.128,26.156,32.26
8.2527,63145,63147,0.968,82.137,26.15,32.204
8.3218,63145,63145,0,82.23,26.094,31.755
8.3543,63096,61085,0.588,82.26,26.077,31.499
8.3967,63097,63107,0.804,82.354,25.965,30.876
8.4004,43564,43564,0,82.371,25.951,30.805
8.4166,63113,63113,0,82.426,25.924,30.499
8.4982,63117,63117,0,82.555,25.847,29.742
8.5052,63118,63331,0.532,82.586,25.842,29.624
8.5108,63331,63331,0,82.61,25.839,29.531
8.5214,63333,63332,0.988,82.655,25.832,29.372
8.5305,63138,63139,0.6,82.71,25.81,29.125
8.5356,23320,63138,0.372,82.771,25.769,28.795
8.5374,23320,23320,0,82.781,25.764,28.737
8.5584,23270,23270,0,82.841,25.736,28.367
8.5672,14311,14311,0,82.879,25.725,28.187
8.5699,63193,63193,0,82.957,25.686,27.838
8.5721,14809,5055,0.916,82.991,25.671,27.669
8.589,61672,61672,0,83.121,25.619,27.097
8.5966,63154,23459,0.476,83.209,25.586,26.689
8.6046,23260,23260,0,83.295,25.557,26.327
8.6053,61795,61795,0,83.358,25.539,26.094
8.604,62839,62839,0,83.546,25.455,25.234
8.6181,62841,62841,0,83.629,25.437,24.85
8.6186,62842,61799,0.172,83.633,25.437,24.834
8.6198,43544,61799,0.88,83.661,25.429,24.717
8.6138,62294,62294,0,83.764,25.378,24.142
8.6145,63087,63087,0,83.918,25.342,23.501
8.6097,42659,63088,0.348,83.966,25.32,23.259
8.6013,42926,42926,0,84.058,25.26,22.783
8.5958,63090,63090,0,84.167,25.225,22.287
8.5967,63377,63377,0,84.214,25.202,22.061
8.5944,42718,63379,0.088,84.261,25.185,21.837
8.593,42718,45782,0.32,84.278,25.177,21.761
8.5831,44711,44711,0,84.345,25.14,21.421
8.5885,44715,44715,0,84.474,25.068,20.733
8.5895,44716,43287,0.88,84.514,25.05,20.566
8.5896,43287,43287,0,84.519,25.047,20.548
8.5869,23833,23833,0,84.636,24.999,19.993
8.5881,62231,62231,0,84.71,24.946,19.561
8.5884,43253,43779,0.036,84.719,24.941,19.515
8.594,43779,43779,0,84.774,24.91,19.231
8.5954,62228,62228,0,84.784,24.904,19.183
8.5958,62227,62227,0,84.795,24.897,19.133
8.5917,42804,42804,0,84.908,24.801,18.349
8.5939,43132,43132,0,84.969,24.724,17.835
8.5919,42795,42795,0,84.985,24.697,17.708
8.5876,60991,60991,0,85.141,24.582,16.687
8.5908,60993,60992,0.832,85.16,24.57,16.548
8.5908,43522,60992,0.92,85.163,24.568,16.527
8.5888,43522,43794,0.5,85.181,24.55,16.377
8.591,43794,45823,0.592,85.23,24.501,16.003
8.593,43155,43155,0,85.256,24.468,15.749
8.5829,46126,43121,0.036,85.338,24.383,15.158
8.5829,46129,46126,0.964,85.339,24.382,15.157
8.5829,62682,62680,0.112,85.399,24.323,14.71
8.586,45820,62683,0.752,85.42,24.304,14.534
8.5864,60809,62162,0.784,85.451,24.275,14.326
8.5889,62152,62679,0.852,85.49,24.241,14.032
8.5922,62154,62153,0.192,85.524,24.213,13.808
8.5936,60735,46093,0.36,85.566,24.174,13.438
8.5922,60733,60738,0.572,85.578,24.164,13.358
8.5901,60741,60741,0,85.637,24.115,12.938
8.5916,44630,45934,0.308,85.687,24.085,12.541
8.5976,46046,43090,0.596,85.75,24.052,12.157
8.5991,45727,45256,0.46,85.764,24.045,12.079
8.606,43219,45256,0.172,85.815,24.016,11.714
8.6059,46062,43219,0.86,85.819,24.016,11.69
8.6157,46142,62322,0.732,85.883,23.996,11.252
8.6162,43093,62323,0.824,85.901,23.99,11.16
8.617,45963,62323,0.788,85.927,23.983,11.001
8.6193,43182,62324,0.284,85.975,23.963,10.693
8.6197,43182,43182,0,85.995,23.943,10.533
8.6198,45964,45967,0.008,85.995,23.942,10.529
8.6201,44489,45967,0.076,86,23.938,10.499
8.637,44495,44495,0,86.095,23.845,9.637
8.6427,44102,44102,0,86.134,23.828,9.4296
7.4056,52761,52761,0,79.579,92.598,201.65
7.4065,52227,52564,0.64,79.586,92.57,201.61
7.4068,52231,52227,0.948,79.592,92.549,201.57
7.4033,11561,11561,0,79.631,92.36,201.28
7.3774,52563,53643,0.408,79.716,92.012,200.8
7.3723,56043,56042,0.456,79.728,91.942,200.69
7.3631,56051,56051,0,79.746,91.811,200.5
7.3377,54226,54226,0,79.839,91.411,199.89
7.3367,53194,53194,0,79.852,91.351,199.8
7.3265,54043,54043,0,79.883,91.138,199.47
7.3204,56060,56060,0,79.904,91.043,199.34
7.304,56054,56054,0,79.982,90.705,198.83
7.3022,52073,52073,0,79.987,90.669,198.78
7.2834,52072,52072,0,80.031,90.365,198.33
7.269,52264,52264,0,80.112,90.061,197.91
7.2675,52458,52458,0,80.133,89.961,197.77
7.2692,55953,55953,0,80.179,89.769,197.44
7.2692,55954,55953,0.992,80.179,89.769,197.44
7.2692,55954,55954,0,80.179,89.769,197.44
7.2431,55759,55759,0,80.243,89.454,196.99
7.2428,55758,56320,0.012,80.243,89.449,196.98
7.2242,56321,56321,0,80.302,89.238,196.67
7.2242,56322,56321,0.996,80.302,89.238,196.67
7.2214,56322,56322,0,80.313,89.2,196.61
7.2065,56311,56311,0,80.379,88.993,196.31
7.2026,55754,55763,0.9,80.398,88.942,196.23
7.189,55639,55742,0.136,80.429,88.831,196.07
7.1538,57374,57374,0,80.517,88.375,195.43
7.1464,57376,56089,0.932,80.582,88.153,195.09
7.1456,56089,54241,0.416,80.597,88.11,195.02
7.1372,57054,57054,0,80.639,87.945,194.77
7.1294,57048,57048,0,80.703,87.719,194.41
7.1153,56096,56093,0.908,80.751,87.461,194.06
7.1069,56604,56604,0,80.876,87.01,193.38
7.1006,56602,56602,0,80.887,86.91,193.24
7.0872,56599,56599,0,80.99,86.462,192.6
7.0838,54186,54186,0,81.029,86.317,192.36
7.0793,56597,56597,0,81.061,86.223,192.2
7.0633,53720,53720,0,81.166,85.84,191.63
7.0532,53771,53771,0,81.192,85.652,191.37
7.0441,54051,54051,0,81.312,85.181,190.65
7.0441,54052,54051,0.992,81.312,85.18,190.65
7.0441,54052,54052,0,81.329,85.135,190.57
7.0514,55720,55720,0,81.4,84.934,190.23
7.0514,55728,55720,0.988,81.4,84.933,190.23
7.0537,55728,55728,0,81.426,84.829,190.06
7.0533,19635,19635,0,81.43,84.807,190.02
7.0422,54135,54135,0,81.56,84.256,189.25
7.0435,56612,56612,0,81.623,84.024,188.86
7.0632,56611,56609,0.912,81.683,83.776,188.46
7.0639,56609,56651,0.072,81.686,83.761,188.44
7.0681,56651,56649,0.56,81.727,83.624,188.23
7.0687,56649,56649,0,81.738,83.583,188.17
7.0691,54136,54136,0,81.743,83.563,188.13
7.0737,56505,56505,0,81.857,83.229,187.61
7.0737,56555,56505,0.996,81.857,83.229,187.61
7.0799,56555,56555,0,81.884,83.132,187.44
7.0936,56554,56554,0,81.915,83.012,187.23
7.1073,56556,56553,0.868,81.976,82.825,186.93
7.1084,56553,56553,0,81.982,82.807,186.91
7.1112,54445,56861,0.104,81.996,82.763,186.84
7.1198,56861,56861,0,82.04,82.612,186.59
7.1292,56860,54448,0.12,82.069,82.502,186.4
7.1371,56858,54448,0.908,82.099,82.417,186.25
7.1591,56858,56859,0.508,82.164,82.222,185.93
7.1627,56859,56859,0,82.185,82.178,185.86
7.1672,56863,56862,0.736,82.206,82.132,185.78
7.1797,57172,19743,0.532,82.273,81.937,185.46
7.1834,57172,57172,0,82.3,81.849,185.3
7.1834,57166,57171,0.992,82.301,81.848,185.3
7.1849,57144,57144,0,82.332,81.772,185.17
7.208,56323,56323,0,82.444,81.462,184.6
7.231,56565,56565,0,82.516,81.264,184.29
7.2494,56564,56564,0,82.558,81.1,184.02
7.2554,54464,54483,0.384,82.582,81.017,183.87
7.2595,54482,54482,0,82.609,80.938,183.72
7.2759,54481,54481,0,82.659,80.779,183.44
7.276,54477,54481,0.996,82.66,80.778,183.44
7.293,54477,54477,0,82.705,80.659,183.23
7.3236,10359,53928,0.004,82.767,80.409,182.79
7.3237,10359,11973,0.012,82.767,80.408,182.79
7.3321,11973,11921,0.092,82.789,80.353,182.69
7.3581,54510,54512,0.98,82.841,80.135,182.31
7.3584,54512,54512,0,82.841,80.132,182.31
7.3604,54511,11974,0.016,82.844,80.112,182.28
7.3853,11974,11974,0,82.883,79.91,181.93
7.3996,54490,54490,0,82.901,79.818,181.76
7.4121,54525,54525,0,82.918,79.74,181.59
7.4084,54527,54527,0,82.929,79.665,181.43
7.4009,56883,56883,0,82.955,79.477,181.01
7.4016,56873,56881,0.988,82.961,79.415,180.87
7.4063,56873,19664,0.76,82.986,79.263,180.52
7.4072,19664,54279,0.348,82.993,79.211,180.41
7.4056,54279,11826,0.08,82.997,79.149,180.28
7.3985,57036,57036,0,83.045,78.819,179.43
7.4021,54380,54380,0,83.053,78.779,179.32
7.4021,54382,54380,0.984,83.053,78.779,179.32
7.4026,54382,54382,0,83.061,78.749,179.22
7.3975,53917,53917,0,83.073,78.647,178.84
7.3697,53920,53920,0,83.082,78.457,178.35
7.3386,53509,53509,0,83.069,78.322,177.93
7.3004,53494,53494,0,83.077,78.145,177.29
7.2771,53423,53423,0,83.065,78.028,176.95
7.2424,19500,19500,0,83.077,77.841,176.35
7.2403,19505,19505,0,83.112,77.681,175.9
7.2402,12496,12446,0.064,83.12,77.647,175.8
7.2231,12332,12332,0,83.119,77.523,175.41
7.223,19488,12332,0.98,83.119,77.523,175.41
7.2221,19488,19488,0,83.12,77.52,175.4
7.1874,19482,19482,0,83.175,77.229,174.49
7.1731,12302,12302,0,83.189,76.984,173.91
7.1647,19470,19470,0,83.234,76.786,173.36
7.1554,19432,19432,0,83.308,76.53,172.56
7.1263,19471,19471,0,83.352,76.178,171.66
7.126,19468,19468,0,83.373,76.118,171.51
7.1197,19459,19459,0,83.494,75.785,170.68
7.1219,19404,19404,0,83.581,75.416,169.75
7.1255,12059,12059,0,83.606,75.351,169.59
7.142,19395,19395,0,83.711,74.926,168.67
7.15,10716,10716,0,83.752,74.792,168.3
7.2109,5962,10700,0.868,83.858,74.264,167.17
7.2125,19394,10700,0.984,83.861,74.255,167.15
7.2329,19394,11599,0.756,83.93,73.954,166.43
7.2389,11599,10314,0.3,83.94,73.853,166.22
7.2496,10314,10314,0,83.957,73.757,166.03
7.2499,19390,10314,0.996,83.958,73.756,166.02
7.3274,19390,19390,0,84.006,73.448,165.41
7.329,783,19391,0.072,84.006,73.44,165.4
7.3352,19166,19391,0.844,84.01,73.388,165.3
7.3541,19352,19166,0.94,84.026,73.212,164.91
7.383,19352,19352,0,84.068,73.027,164.55
7.389,19353,12038,0.008,84.075,72.998,164.49
7.4417,12038,12038,0,84.111,72.78,164.09
7.4807,12117,12117,0,84.133,72.661,163.85
7.4811,19338,12117,0.988,84.133,72.66,163.85
7.5123,19338,19338,0,84.134,72.56,163.66
7.5151,19333,19336,0.912,84.136,72.546,163.64
7.5298,19333,19333,0,84.156,72.457,163.47
7.6574,19302,19300,0.988,84.167,71.974,162.61
7.6586,19240,19300,0.972,84.167,71.969,162.61
7.7,19240,19278,0.06,84.176,71.803,162.36
7.7873,10651,10651,0,84.148,71.45,161.77
7.9667,19245,19245,0,84.062,70.869,160.93
7.9762,19244,19243,0.344,84.053,70.834,160.88
8.0727,19212,19212,0,83.897,70.453,160.33
8.2148,13221,13221,0,83.716,69.898,159.65
8.3763,19169,19169,0,83.581,69.479,159.08
8.7059,9765,9765,0,83.346,68.665,158.02
8.7935,4442,19150,0.848,83.355,68.507,157.81
8.8414,10793,19150,0.536,83.361,68.426,157.69
8.9692,19101,19035,0.128,83.309,68.167,157.35
9.1526,19093,19092,0.888,83.201,67.799,156.83
9.4519,13214,19094,0.364,83.002,67.108,156.06
9.6991,13222,19041,0.5,82.833,66.619,155.46
9.8177,18957,19040,0.668,82.735,66.347,155.18
9.9592,10449,10866,0.568,82.594,66.027,154.83
10.086,10449,13296,0.512,82.48,65.77,154.52
10.359,13297,13297,0,82.221,65.177,153.89
10.519,13265,13287,0.084,82.129,64.876,153.55
10.596,13249,13249,0,82.04,64.662,153.36
10.874,13311,13311,0,81.636,63.895,152.61
11.079,16809,16809,0,81.377,63.411,152.06
11.193,18799,18797,0.456,81.262,63.115,151.76
11.219,13188,18799,0.648,81.23,63.037,151.67
11.344,18795,18795,0,81.042,62.629,151.22
11.344,18794,18795,0.976,81.042,62.628,151.22
11.358,18794,18794,0,81.03,62.582,151.16
11.358,21375,18794,0.996,81.03,62.581,151.16
11.385,21375,21375,0,81.001,62.476,151.02
11.315,27184,27184,0,80.853,62.43,150.79
11.202,34933,27186,0.968,80.699,62.349,150.4
11.19,27202,27186,0.916,80.685,62.344,150.37
10.956,18770,18770,0,80.47,62.181,149.59
10.946,18876,27820,0.992,80.457,62.179,149.56
10.567,27292,34928,0.872,80.095,62.024,148.44
10.539,27346,34928,0.636,80.073,62.018,148.36
10.429,27350,27783,0.1,79.947,62.001,148.06
10.112,18303,18303,0,79.613,61.895,147.14
9.835,27726,27726,0,79.259,61.885,146.28
9.3021,5998,5998,0,78.696,61.836,144.63
9.2195,27723,27723,0,78.653,61.837,144.37
8.745,26061,26061,0,78.302,61.741,142.66
8.7448,27690,26061,0.996,78.302,61.741,142.66
8.697,27690,27690,0,78.276,61.712,142.45
8.4342,27610,27610,0,78.221,61.659,141.43
8.1616,34886,18080,0.456,78.008,61.588,139.96
8.1344,34884,34881,0.528,77.982,61.567,139.8
7.8868,18124,18124,0,77.844,61.563,138.58
7.7506,27646,27646,0,77.795,61.481,137.56
7.7269,18600,27620,0.952,77.75,61.45,137.25
7.7243,17438,27620,0.972,77.747,61.448,137.22
7.7209,27573,18737,0.94,77.742,61.444,137.19
7.6041,17650,17650,0,77.759,61.394,136.42
7.5646,27636,27636,0,77.74,61.376,136.02
7.504,27466,34812,0.12,77.683,61.291,135.19
7.4999,27466,18866,0.348,77.664,61.265,135
7.4925,27487,18730,0.352,77.637,61.232,134.72
7.4858,27489,27489,0,77.616,61.193,134.49
7.4684,27599,27602,0.996,77.609,61.178,134.3
7.4393,27597,27597,0,77.572,61.137,133.89
7.4155,27578,27561,0.668,77.551,61.069,133.35
7.4106,18718,27556,0.452,77.547,61.004,132.92
7.4048,34308,18718,0.012,77.545,60.954,132.69
7.4015,34756,34756,0,77.55,60.886,132.33
7.3988,18176,18176,0,77.555,60.86,132.22
7.3794,27572,27572,0,77.544,60.708,131.35
7.3844,27434,34663,0.224,77.55,60.625,130.94
7.3843,27434,34580,0.3,77.55,60.622,130.93
7.3804,34659,34659,0,77.554,60.524,130.49
7.3804,34660,34659,0.996,77.554,60.524,130.49
7.3853,34660,34660,0,77.549,60.473,130.25
7.3882,18566,18566,0,77.549,60.429,130.07
7.3884,34693,34693,0,77.573,60.338,129.66
7.3931,9344,34631,0.496,77.587,60.288,129.41
7.3931,34636,34631,0.592,77.595,60.259,129.29
7.3929,34637,34637,0,77.62,60.187,128.99
7.404,35188,35188,0,77.645,60.112,128.64
7.4072,35189,35189,0,77.66,60.081,128.52
7.4173,26584,26584,0,77.733,59.93,127.82
7.4182,34763,34764,0.124,77.737,59.914,127.75
7.4209,34764,28197,0.076,77.747,59.867,127.57
7.4261,28197,28197,0,77.759,59.826,127.41
7.45,20585,20585,0,77.801,59.716,126.99
7.4659,27457,27457,0,77.845,59.618,126.53
7.4752,38330,17906,0.12,77.865,59.473,125.9
7.4794,38332,34469,0.184,77.868,59.454,125.83
7.4881,35125,34469,0.808,77.932,59.371,125.42
7.4891,35125,35125,0,77.936,59.364,125.39
7.4972,34271,34271,0,77.961,59.317,125.2
7.5071,28010,35059,0.308,77.982,59.244,124.89
7.5117,35059,35059,0,77.99,59.17,124.53
7.5162,27121,27121,0,77.999,59.136,124.36
7.5169,27492,27492,0,78,59.127,124.32
7.5399,16758,16758,0,78.049,58.96,123.63
7.5383,34306,27140,0.892,78.053,58.953,123.58
7.5318,38160,38160,0,78.1,58.841,122.94
7.5409,34592,34592,0,78.115,58.792,122.7
7.5472,33990,38029,0.288,78.12,58.744,122.5
7.5471,38168,38168,0,78.119,58.734,122.46
7.5458,38143,38143,0,78.137,58.609,121.84
7.5501,38121,38030,0.168,78.148,58.568,121.64
7.5512,38121,38119,0.64,78.152,58.556,121.58
7.5516,38119,38123,0.052,78.153,58.55,121.56
7.5527,38123,38123,0,78.157,58.52,121.44
7.541,38109,38109,0,78.168,58.459,121.04
7.5393,38130,38085,0.192,78.173,58.348,120.58
7.5407,38130,38132,0.452,78.175,58.331,120.51
7.5383,38132,38128,0.904,78.178,58.305,120.34
7.5379,38128,38128,0,78.178,58.303,120.33
7.5285,38102,38102,0,78.155,58.131,119.59
7.5249,38099,38100,0.248,78.153,58.088,119.47
7.4887,38095,38095,0,78.083,57.843,118.72
7.4798,38063,34281,0.796,78.053,57.786,118.54
7.4776,38147,34281,0.596,78.048,57.779,118.51
7.4125,38145,38145,0,77.942,57.549,117.74
7.3968,26368,29581,0.268,77.882,57.393,116.96
7.386,38087,38087,0,77.88,57.263,116.45
7.3676,18579,18579,0,77.795,57.084,115.52
7.387,9099,34096,0.944,77.786,57.041,115.14
7.3881,34096,9357,0.196,77.785,57.038,115.12
7.3885,33899,33899,0,77.777,57.028,115.06
7.3749,34079,26465,0.94,77.756,56.981,114.7
7.3721,25831,26465,0.816,77.753,56.971,114.64
7.3591,34119,25831,0.84,77.716,56.878,114.33
7.3792,34092,34092,0,77.64,56.69,113.38
7.3717,34133,34134,0.884,77.479,56.433,112.49
7.3724,34134,6400,0.128,77.47,56.41,112.42
7.3769,26426,6400,0.44,77.412,56.275,112.01
7.4007,34147,34147,0,77.25,56.046,111.22
7.4115,34145,34145,0,77.198,55.922,110.85
7.4531,16652,34139,0.34,77.001,55.648,109.95
7.4818,16652,26094,0.764,76.936,55.527,109.56
7.5089,25705,26522,0.372,76.88,55.451,109.25
7.5399,26522,16638,0.464,76.779,55.364,108.85
7.5714,26478,16638,0.184,76.684,55.289,108.5
7.5822,26478,38043,0.368,76.645,55.221,108.27
7.5996,38043,38043,0,76.598,55.132,107.88
7.6118,38047,38046,0.2,76.579,55.079,107.68
7.6154,38041,25703,0.952,76.537,55.025,107.41
7.6743,34041,34041,0,76.28,54.773,106.31
7.6769,33994,38045,0.376,76.266,54.768,106.26
7.6754,22220,37981,0.428,76.167,54.663,105.86
7.6785,19941,37981,0.68,76.069,54.579,105.52
7.7058,19941,37832,0.716,75.9,54.446,104.97
7.7137,37986,37984,0.588,75.845,54.386,104.76
7.7267,37987,37987,0,75.698,54.21,104.43
7.7305,37971,37972,0.016,75.669,54.173,104.31
7.7337,37969,35584,0.588,75.322,53.917,103.31
7.7343,37991,33744,0.632,75.29,53.898,103.23
7.7485,37993,33744,0.188,75.074,53.719,102.6
7.7487,37952,37993,0.944,75.033,53.68,102.5
7.7711,37994,37950,0.74,74.865,53.561,102
7.7796,17008,37950,0.632,74.819,53.532,101.86
7.7928,17008,17011,0.452,74.762,53.491,101.69
7.8052,17011,37935,0.656,74.682,53.409,101.39
7.8078,37935,16333,0.428,74.659,53.383,101.3
7.8891,26499,37927,0.152,74.311,53.113,100.11
7.8915,26499,33752,0.152,74.297,53.098,100.06
7.9565,37905,37883,0.724,74.088,52.953,99.26
7.9795,37906,37885,0.692,74.034,52.891,99.012
8.0151,25582,37886,0.808,73.94,52.805,98.638
8.0415,37817,33472,0.636,73.891,52.75,98.408
8.0724,37816,37816,0,73.78,52.644,98.031
8.1236,33730,33178,0.936,73.682,52.533,97.668
8.185,5492,33725,0.484,73.55,52.415,97.268
8.1999,5492,33716,0.752,73.519,52.384,97.177
8.2151,33716,37806,0.124,73.491,52.358,97.096
8.3119,37806,37806,0,73.305,52.192,96.616
8.3211,37805,37804,0.064,73.291,52.174,96.566
8.3759,37804,37804,0,73.199,52.065,96.288
8.3764,37803,33715,0.016,73.198,52.064,96.285
8.3914,37765,33715,0.996,73.167,52.035,96.194
8.5363,37765,37765,0,72.902,51.793,95.521
8.5679,37766,37766,0,72.861,51.744,95.381
8.62,37565,37565,0,72.792,51.666,95.174
8.7387,37721,37721,0,72.681,51.501,94.705
8.8047,19934,19934,0,72.612,51.423,94.438
8.9806,37652,37652,0,72.399,51.196,93.822
8.9809,37748,37652,0.992,72.399,51.196,93.821
9.0214,37748,37748,0,72.362,51.147,93.688
9.0215,37770,37748,0.996,72.362,51.147,93.687
9.0589,37770,37770,0,72.323,51.104,93.555
9.0679,37751,37751,0,72.315,51.093,93.519
9.1303,37752,37752,0,72.256,51.013,93.283
9.2669,37727,37727,0,72.161,50.851,92.792
9.3425,37696,37696,0,72.102,50.776,92.512
9.4755,37694,37694,0,71.966,50.621,92.056
9.8507,37697,37697,0,71.747,50.239,90.934
9.8979,37659,37659,0,71.73,50.195,90.807
9.9568,37664,37664,0,71.705,50.137,90.65
10.046,37667,37667,0,71.659,50.061,90.386
10.046,37662,37667,0.992,71.659,50.061,90.385
10.086,37662,37662,0,71.637,50.03,90.266
10.136,37663,37663,0,71.6,49.983,90.117
10.181,37627,37627,0,71.576,49.937,89.972
10.426,37649,37649,0,71.423,49.677,89.253
10.636,37592,37592,0,71.339,49.473,88.697
10.88,37626,37626,0,71.237,49.276,88.094
10.881,37642,37601,0.02,71.237,49.276,88.093
10.895,37609,37601,0.98,71.232,49.264,88.053
11.15,37609,37609,0,71.12,49.024,87.341
11.252,37608,37608,0,71.096,48.928,87.062
11.284,37605,37605,0,71.086,48.892,86.974
11.511,36820,36820,0,70.992,48.672,86.34
11.594,37579,37579,0,70.98,48.588,86.105
11.726,39588,39588,0,70.956,48.453,85.749
11.826,37578,37578,0,70.95,48.352,85.486
11.831,39532,39613,0.988,70.948,48.346,85.47
12.041,39532,39532,0,70.886,48.127,84.866
12.108,39599,39599,0,70.875,48.058,84.679
12.182,39598,39598,0,70.873,47.978,84.469
12.288,39595,39595,0,70.861,47.849,84.169
12.317,37566,37522,0.996,70.856,47.817,84.082
12.507,37566,37566,0,70.86,47.596,83.521
12.512,39583,39584,0.048,70.86,47.591,83.505
12.545,39584,32995,0.004,70.864,47.555,83.404
12.58,39586,39586,0,70.864,47.51,83.291
12.648,29316,37526,0.96,70.88,47.414,83.056
12.798,39574,32989,0.188,70.931,47.214,82.527
12.958,30852,39349,0.676,71,46.965,81.954
13.068,39325,32999,0.656,71.085,46.788,81.506
13.115,29349,32999,0.58,71.117,46.705,81.319
13.194,29329,29329,0,71.219,46.533,80.927
13.379,29335,29335,0,71.513,46.102,79.974
13.379,16529,29335,0.996,71.513,46.102,79.974
13.387,16529,16529,0,71.523,46.087,79.936
13.488,25095,25095,0,71.693,45.832,79.384
13.638,32832,25023,0.844,72.011,45.475,78.519
13.703,25050,25051,0.988,72.14,45.293,78.149
13.82,25040,25050,0.14,72.371,45.016,77.496
13.839,25040,22077,0.096,72.424,44.957,77.365
13.857,36778,22683,0.68,72.469,44.903,77.256
13.868,36795,36795,0,72.737,44.685,76.862
13.874,32835,32835,0,72.83,44.604,76.712
13.897,37014,30567,0.46,73.144,44.359,76.237
13.904,30567,30567,0,73.367,44.199,75.939
13.933,36791,36803,0.1,73.763,43.866,75.234
13.938,36826,30421,0.08,74.013,43.712,74.79
13.949,36965,36796,0.74,74.429,43.398,74.127
13.954,36424,36976,0.944,74.575,43.279,73.901
13.953,36976,36978,0.14,74.6,43.262,73.868
13.936,36978,36979,0.568,74.814,43.107,73.604
13.913,36974,36974,0,75.164,42.831,73.159
13.895,25042,25042,0,75.415,42.616,72.891
13.877,14238,14238,0,75.637,42.412,72.609
13.877,24650,24650,0,75.638,42.411,72.608
13.841,21945,36688,0.16,75.881,42.243,72.125
13.801,32544,24875,0.82,76.137,42.034,71.584
13.777,36922,32544,0.42,76.281,41.894,71.25
13.763,24827,36843,0.972,76.37,41.808,71.023
13.762,32540,36843,0.88,76.377,41.802,71.005
13.719,32484,32484,0,76.534,41.645,70.634
13.692,36945,36946,0.828,76.603,41.561,70.453
13.679,36944,36946,0.136,76.634,41.529,70.381
13.529,36949,36949,0,76.932,41.155,69.739
13.513,36951,36718,0.148,76.96,41.117,69.679
13.407,36927,36927,0,77.119,40.877,69.318
13.37,36772,36772,0,77.178,40.795,69.197
13.296,23443,36775,0.984,77.264,40.658,68.963
13.294,36753,36775,0.98,77.266,40.655,68.959
13.165,36728,36726,0.956,77.404,40.437,68.601
13.158,36755,36726,0.948,77.412,40.424,68.581
13.004,36755,36617,0.808,77.554,40.196,68.159
12.946,36618,36621,0.708,77.595,40.125,67.991
12.787,22967,22967,0,77.722,39.877,67.556
12.554,36612,36612,0,77.888,39.454,66.94
12.351,36603,15793,0.292,78.001,39.19,66.448
12.276,36602,30612,0.216,78.044,39.099,66.264
12.03,30361,30361,0,78.159,38.767,65.683
11.776,7919,7919,0,78.295,38.293,65.085
11.455,36641,36641,0,78.452,37.698,64.375
11.211,36646,36646,0,78.538,37.219,63.803
11.156,36647,36647,0,78.547,37.118,63.669
11.066,8165,8165,0,78.576,36.944,63.458
10.561,36738,36738,0,78.644,36.292,62.408
10.359,36740,36740,0,78.662,36.017,61.967
9.6282,36638,36638,0,78.6,35.185,60.386
9.3263,36633,36633,0,78.686,34.604,59.63
9.3263,36634,36633,0.992,78.686,34.603,59.63
9.3166,36634,36634,0,78.689,34.582,59.605
8.726,8003,24888,0.896,78.771,33.765,58.204
8.6921,24888,31287,0.112,78.779,33.695,58.105
8.429,32160,31287,0.124,78.828,33.223,57.355
8.3605,30279,32159,0.796,78.859,33.12,57.172
7.9949,22938,32106,0.296,78.905,32.582,56.178
7.9776,31959,32024,0.316,78.909,32.557,56.126
7.5874,31688,8008,0.896,79.025,31.812,54.782
7.5195,31899,8008,0.132,79.015,31.654,54.473
7.5103,8302,31899,0.884,79.009,31.636,54.431
7.4802,8302,32123,0.536,79.005,31.601,54.328
7.2294,32122,31707,0.272,79.115,31.218,53.404
7.1323,14242,15785,0.572,79.071,31.056,52.938
6.8575,32036,24211,0.984,79.091,30.482,51.329
6.8529,32041,23399,0.128,79.098,30.473,51.301
6.6616,32023,31698,0.548,79.214,30.037,50.114
6.6072,32023,32027,0.444,79.28,29.817,49.368
6.5943,32031,31876,0.472,79.313,29.696,49.08
6.5622,32030,32025,0.68,79.453,29.402,48.101
6.5436,32025,21926,0.688,79.462,29.279,47.676
6.5432,32010,32016,0.18,79.602,29.092,46.908
6.5703,23415,23415,0,79.795,28.731,45.971
6.6496,31935,31943,0.204,79.984,28.552,44.969
6.6774,31935,32014,0.504,80.039,28.437,44.491
6.7274,32012,32012,0,80.082,28.353,43.874
6.8549,31845,31845,0,80.273,28.046,42.292
6.9182,31852,31852,0,80.434,27.928,41.229
6.9701,31850,31850,0,80.522,27.805,40.662
7.1083,14253,14253,0,80.823,27.656,39.359
7.1775,31451,31665,0.116,80.995,27.437,38.419
7.2743,31451,24607,0.62,81.149,27.312,37.768
7.3313,24607,24607,0,81.223,27.252,37.397
7.4195,15324,31509,0.268,81.349,27.21,36.882
7.5118,31513,31509,0.336,81.462,27.093,36.252
7.5616,31513,31515,0.604,81.55,27.027,35.867
7.7022,31520,31519,0.368,81.681,26.86,35.087
7.7937,31518,43658,0.324,81.758,26.762,34.694
7.8772,31516,31516,0,81.811,26.666,34.346
7.8779,31498,8284,0.996,81.811,26.665,34.343
8.037,43828,43828,0,81.865,26.44,33.626
8.0699,43612,43612,0,81.917,26.377,33.414
8.1434,42794,42794,0,82.019,26.277,32.948
8.2,61087,61087,0,82.066,26.214,32.562
8.2443,63146,63146,0,82.128,26.156,32.26
8.2527,63145,63147,0.968,82.137,26.15,32.204
8.3218,63145,63145,0,82.23,26.094,31.755
8.3543,63096,61085,0.588,82.26,26.077,31.499
8.3967,63097,63107,0.804,82.354,25.965,30.876
8.4004,43564,43564,0,82.371,25.951,30.805
8.4166,63113,63113,0,82.426,25.924,30.499
8.4982,63117,63117,0,82.555,25.847,29.742
8.5052,63118,63331,0.532,82.586,25.842,29.624
8.5108,63331,63331,0,82.61,25.839,29.531
8.5214,63333,63332,0.988,82.655,25.832,29.372
8.5305,63138,63139,0.6,82.71,25.81,29.125
8.5356,23320,63138,0.372,82.771,25.769,28.795
8.5374,23320,23320,0,82.781,25.764,28.737
8.5584,23270,23270,0,82.841,25.736,28.367
8.5672,14311,14311,0,82.879,25.725,28.187
8.5699,63193,63193,0,82.957,25.686,27.838
8.5721,14809,5055,0.916,82.991,25.671,27.669
8.589,61672,61672,0,83.121,25.619,27.097
8.5966,63154,23459,0.476,83.209,25.586,26.689
8.6046,23260,23260,0,83.295,25.557,26.327
8.6053,61795,61795,0,83.358,25.539,26.094
8.604,62839,62839,0,83.546,25.455,25.234
8.6181,62841,62841,0,83.629,25.437,24.85
8.6186,62842,61799,0.172,83.633,25.437,24.834
8.6198,43544,61799,0.88,83.661,25.429,24.717
8.6138,62294,62294,0,83.764,25.378,24.142
8.6145,63087,63087,0,83.918,25.342,23.501
8.6097,42659,63088,0.348,83.966,25.32,23.259
8.6013,42926,42926,0,84.058,25.26,22.783
8.5958,63090,63090,0,84.167,25.225,22.287
8.5967,63377,63377,0,84.214,25.202,22.061
8.5944,42718,63379,0.088,84.261,25.185,21.837
8.593,42718,45782,0.32,84.278,25.177,21.761
8.5831,44711,44711,0,84.345,25.14,21.421
8.5885,44715,44715,0,84.474,25.068,20.733
8.5895,44716,43287,0.88,84.514,25.05,20.566
8.5896,43287,43287,0,84.519,25.047,20.548
8.5869,23833,23833,0,84.636,24.999,19.993
8.5881,62231,62231,0,84.71,24.946,19.561
8.5884,43253,43779,0.036,84.719,24.941,19.515
8.594,43779,43779,0,84.774,24.91,19.231
8.5954,62228,62228,0,84.784,24.904,19.183
8.5958,62227,62227,0,84.795,24.897,19.133
8.5917,42804,42804,0,84.908,24.801,18.349
8.5939,43132,43132,0,84.969,24.724,17.835
8.5919,42795,42795,0,84.985,24.697,17.708
8.5876,60991,60991,0,85.141,24.582,16.687
8.5908,60993,60992,0.832,85.16,24.57,16.548
8.5908,43522,60992,0.92,85.163,24.568,16.527
8.5888,43522,43794,0.5,85.181,24.55,16.377
8.591,43794,45823,0.592,85.23,24.501,16.003
8.593,43155,43155,0,85.256,24.468,15.749
8.5829,46126,43121,0.036,85.338,24.383,15.158
8.5829,46129,46126,0.964,85.339,24.382,15.157
8.5829,62682,62680,0.112,85.399,24.323,14.71
8.586,45820,62683,0.752,85.42,24.304,14.534
8.5864,60809,62162,0.784,85.451,24.275,14.326
8.5889,62152,62679,0.852,85.49,24.241,14.032
8.5922,62154,62153,0.192,85.524,24.213,13.808
8.5936,60735,46093,0.36,85.566,24.174,13.438
8.5922,60733,60738,0.572,85.578,24.164,13.358
8.5901,60741,60741,0,85.637,24.115,12.938
8.5916,44630,45934,0.308,85.687,24.085,12.541
8.5976,46046,43090,0.596,85.75,24.052,12.157
8.5991,45727,45256,0.46,85.764,24.045,12.079
8.606,43219,45256,0.172,85.815,24.016,11.714
8.6059,46062,43219,0.86,85.819,24.016,11.69
8.6157,46142,62322,0.732,85.883,23.996,11.252
8.6162,43093,62323,0.824,85.901,23.99,11.16
8.617,45963,62323,0.788,85.927,23.983,11.001
8.6193,43182,62324,0.284,85.975,23.963,10.693
8.6197,43182,43182,0,85.995,23.943,10.533
8.6198,45964,45967,0.008,85.995,23.942,10.529
8.6201,44489,45967,0.076,86,23.938,10.499
8.637,44495,44495,0,86.095,23.845,9.637
8.6427,44102,44102,0,86.134,23.828,9.4296
7.063,41461,41461,0,7.4625,33.318,160.14
7.0385,20112,20112,0,7.4353,33.308,160.12
7.0092,16220,16220,0,7.4381,33.315,160.09
4.1422,12775,12775,0,6.538,34.041,157.34
